{"step_count": 10000, "train_loss_value": 31.507755279541016, "test_loss_value": 38.2558479309082, "_timestamp": 1703924793.449151, "_runtime": 28.70378804206848, "_step": 9999, "_wandb": {"runtime": 27}}