{"step_count": 862, "train_loss_value": 0.0009625678649172187, "test_loss_value": 0.0009911603992804885, "_timestamp": 1703923918.148429, "_runtime": 12.235912799835205, "_step": 861, "_wandb": {"runtime": 11}}