{"step_count": 386, "train_loss_value": 0.0007553165778517723, "test_loss_value": 0.000987774459645152, "_timestamp": 1703923995.037631, "_runtime": 12.545182943344116, "_step": 385, "_wandb": {"runtime": 12}}