{"step_count": 10000, "train_loss_value": 31.507755279541016, "test_loss_value": 38.2558479309082, "_timestamp": 1703924388.0755377, "_runtime": 28.007107734680176, "_step": 9999, "_wandb": {"runtime": 27}}