{"epoch_idx": 385, "train_loss_value": 0.0007553165778517723, "test_loss_value": 0.000987774459645152, "_timestamp": 1703923811.710082, "_runtime": 12.72835898399353, "_step": 385, "_wandb": {"runtime": 12}}