{"step_count": 10000, "train_loss_value": 31.507755279541016, "test_loss_value": 38.2558479309082, "_timestamp": 1703924827.184605, "_runtime": 28.99230694770813, "_step": 9999, "_wandb": {"runtime": 27}}