{"step_count": 386, "train_loss_value": 0.0007553165778517723, "test_loss_value": 0.000987774459645152, "_timestamp": 1703924347.8415735, "_runtime": 12.615630388259888, "_step": 385, "_wandb": {"runtime": 12}}