{"epoch_idx": 364, "train_loss_value": 0.0009655584581196308, "test_loss_value": 0.0009942302713170648, "_timestamp": 1703923698.986204, "_runtime": 12.411949872970581, "_step": 864, "_wandb": {"runtime": 11}}