{"step_count": 10000, "train_loss_value": 31.507755279541016, "test_loss_value": 38.2558479309082, "_timestamp": 1703924859.6984608, "_runtime": 29.071027755737305, "_step": 9999, "_wandb": {"runtime": 27}}