{"step_count": 3720, "train_loss_value": 0.0008021501707844436, "test_loss_value": 0.0009931508684530854, "_timestamp": 1703924041.2046635, "_runtime": 33.64564561843872, "_step": 3719, "_wandb": {"runtime": 33}}