{"epoch_idx": 364, "train_loss_value": 0.0009655584581196308, "test_loss_value": 0.0009942302713170648, "_timestamp": 1703923646.6500561, "_runtime": 12.33291220664978, "_step": 1, "_wandb": {"runtime": 11}}